comment_id,author,body,score,created_utc,readable_time
mwwag7j,Lambdabam,I just liked that incoming calls won‚Äôt take up star entire screen in CarPlay.,137,1749501284.0,2025-06-09 20:34:44
mww4zlh,hammerheadtiger,"Production value of these intro segments have obviously reached a new peak. This feels like Craig's fantasy.  

Impressions:

**New Design**

- VP of Human Design Alan Dye sits in a room full of colorful glass panes and moves them over each other all day. What do you do for work?
- Launching on all platforms
- Liquid Glass - Aqua is back!
	- Animated transitions and light refraction - combo of dynamic island, iPadOS cursor, and Aqua
	- ngl the animations are pretty slick

**iOS 26**

- Moving to year based numbering - Apple not too worried about what happens after 2099
- Lock Screen
	- Dynamic scaling time on lock screen that shifts around as notifications come in
	- ML generated spacial 3D effect on when you move - good use of the Vision OS Spacial Photo upscaling
	- Animated album art
- Camera App - Simplified interface with swipe controls 
- Photos App - Minor UI refresh with spacial photos
- Safari tab bar now shrunk smaller into animated Liquid Glass bubbles 
- CarPlay redesign, updated interface and widgets
	- CarPlay Ultra also updated to Liquid Glass for those Bentley drivers out there dying for an update after *checks Apple Watch*, one month!
- Phone App - unified layout for favorites, recents, voicemail
	- Automatic call screening answering calls in background - Pixel had this for a while and its good to see iOS adding this finally
	- Hold Assist to help keep spot in line without listening to hold music 
- Messages App 
	- Animated backgrounds
	- Polls
	- Apple Cash request and sending in groups
	- Typing indicators in group chats
	- Spam Screening to sweep away unknown senders
- Emojis can be combined into new emojis - FINALLY OUR LONG NATIONAL NIGHTMARE IS OVER, you can make a sloth that sings karaoke
- Live translate text as you type, and in FaceTime 
- Apple Music
	- Lyrics translation
	- lyrics pronunciation - big day for the annoying kpop fan in your life
	- Automix between songs to flow between music
	- Pin favorite music to top of library
- Maps - The mockup is unrealistic. Living in Presidio, school at Palace of Fine Arts, and working at Ft Mason Park? Who has this lifestyle? 
- Wallet
	- Increased CarKey and Driver License adoption
	- Digital ID with US Passport for domestic travel - Cant wait for Airports to support this but not actually allow it
	- Refreshed boarding passes with indoor maps, Find My, and shareable live activities - neat!
	- Order Tracking
- Games App - Central App to manage apps, friend leaderboards
- Visual Intelligence can see your screen now when you screenshot to do things like search for products, create calendar events, answer questions
- Whew! Big update this year!

**watchOS 26**

- You know the gym is staged because they have good form and aren't slamming weights
- Workout Buddy - Gathers all the data from workouts and ""identifies meaningful insights""
	- Jumps in with AI generated encouragement and status updates 
	- Mine is going to say ""Wow you got 5 hours of sleep, your worst yet, go get it king!""
- Notification sounds are dimmed in quiet settings
- Wrist flick to dismiss notifications
- Context based actions in Messages like surfacing sharing location
- Notes App

**tvOS 26**

- Cinematic Poster Art
- AppleTV has lots of shows coming
- Use iPhone as karaoke mic

**macOS 26 - Tahoe**

- Craig Federighi carrying the Apple humor entirely on his back
- Redesign allows you to make macOS as ugly as you desire, even all pink!
- Live Activities from iPhone
- Shortcuts can call AI models as part of a shortcut
- Spotlight
	- Can issue commands and take action directly in spotlight even within apps
	- Short Keys to keybind letters to actions
- New: Phone App, Games App, Journal App

**visionOS 26**

- Spacial widgets to decorate spaces - You can do things simply not possible in the real world like putting a clock on the wall or hanging a picture!
- Improved Spacial Photos with better 3D
- Safari Spacial Browsing: like a reader mode but for VR, look to scroll
- Improved Personas - disembodied horrors of our own making! 
- Shared Spacial experiences in the same room so you can now watch the same movie not on a TV but on everyone's own personal Vision Pro, the future is here!
- Support for PlayStation VR2 Sense controllers
- Support for 180-degree, 360-degree, and wide field-of-view content from Insta360, GoPro, and Canon
- Unlock phone while wearing Vision Pro - big day for looking at a blurry iPhone screen through my headset
- Better sharing, now my friends don't need to redo set up before trampling through the OS like they've never used a UI before
- Folders on home screen - technology has finally progressed to allow this to happen


**ipadOS 26**

- We macOS now, bois!
	- macOS style window controls and tiling
	- MacOS style regular mouse pointer and trackpad gestures
	- MacOS Style menu bar for apps
	- Available for all iPads, big day for the iPad Pro Mini crowd
- Updated Files App
	- Updated list view
	- Set a default app for opening specific file types
	- Folders in dock
- Preview App - Dedicated app for opening files and marking up PDFs
- Background Tasks - keep tasks running in background. - Now what will the iPad-as-production-tool community complain about? Oh, right, lack of audio input controls!
- New audio Input control on an app by app basis
- Other: Reed pen, 3D graphing in calculator, import/export notes in markdown, accessibility reader

**Other**

- AirPods
	- Improved recording quality
	- Control camera by pressing stem
- Vibe coding in XCode
- Apple Intelligence
	- Model Refinements, Expansion to more languages
	- New API to access on-device model


That was probably my longest one yet. The sheer volume of info they can cram in and still shave off half an hour vs the old live events is insane. Anyways, here's your AI break so enjoy it before next year when we get an hour of Apple Intelligence 2.",333,1749499751.0,2025-06-09 20:09:11
mwwh4h4,ctowndrummer,From platform state of the union: Tahoe will be last OS for Intel Macs. Get your Apple silicon soon!,56,1749503173.0,2025-06-09 21:06:13
mww8ska,drvenkman9,Who else is STOKED for the biggest ever update to iPadOS? This truly is the iPadOS for ultra pros!,69,1749500820.0,2025-06-09 20:27:00
mww9k0x,gayfrogs4alexjones,The iPad updates look to be surprisingly good - everything else was kinda meh other than Apple Music.,16,1749501033.0,2025-06-09 20:30:33
mwwh4zl,Vitirium,They better keep the option to reduce transparency after this update‚Ä¶or else,58,1749503177.0,2025-06-09 21:06:17
mww5i7c,LiquidDiviums,"Friendly warning to anyone who wants to try iOS 26 as someone who‚Äôs running the beta on an iPhone 15 Pro and iPad (10th generation): 

It‚Äôs really, really laggy and broken.",99,1749499896.0,2025-06-09 20:11:36
mww5c64,thedonmoose,"I was actually really excited for a lot of the updates, especially as someone who came into this thinking it will be a miss:

- I like the overall design, I love that we have more floating UI
- I like the lockscreen changes
- I like all the new messages additions, I feel like everyone's been asking for more features and group typing animations
- I LOVED the Carplay changes, Live Activities + NO MORE FULL SCREEN CALLS
- Call screening + Call hold are amazing QoL features
- Live Translation (on paper) is very useful
- Apple Music live mixing or whatever that's called is sick
- Admitting the f'd up the Photos app and giving us back that tab was great

I am way more excited about features this iOS than last iOS. iPad OS was amazing too with the new files app, preview (both should have came to iPhone too btw) and inching it closer to MacOS. I was laughing when they showed the window management and the hidden menu bar, like bruh just let us boot MacOS already.

Additionally as a Mac user I really liked Live Activities syncing, shortcut updates, and ripping of Raycast (lol) but it was pretty barren of an update. Although you can only do so much. Funny seeing Vista-like UI elements on Mac almost two decades later though lol.

Biggest miss was obviously AI. I really wished they would have provided some deeper integration with third party AIs or something to bridge the gap. I love using Perplexity's Assistant mode and it feels like an alpha version of what an AI assistant looks like on iOS.",82,1749499849.0,2025-06-09 20:10:49
mww88m9,IM_KYLE_AMA,Just installed the dev beta and I think theres going to be some serious pushback on this redesign. The liquid glass doesnt really work at all like they showed in the demo and near full transparency of elements makes it incredibly hard to make out what Im looking at in certain instances. This is a huge regression in terms of design and accessibility standards.,89,1749500666.0,2025-06-09 20:24:26
mww4aih,vanjib1,iOS 26: Windows Vista edition,144,1749499554.0,2025-06-09 20:05:54
mww42ml,heyyoutried,"Overall, really pleased by everything that was released today. A modest redesign, more parity, new features. iPadOS was the big winner. Still looking forward to homeOS. üëÄ",52,1749499492.0,2025-06-09 20:04:52
mww4rld,itsmesp24,Why was the post-event megathread created so late?,8,1749499688.0,2025-06-09 20:08:08
mwwfrpl,ararezaee,"Honestly I'm satisfied with the new updates.  
Way better than the past few years, although we still need a ""Snow Leopard"" kind of an update",9,1749502777.0,2025-06-09 20:59:37
mwwah2l,mrcsrnne,"Not gonna lie, that opening F1-sequence was pretty badass",25,1749501291.0,2025-06-09 20:34:51
mwx14oi,derangedtranssexual,iPadOS update was too good Apple had to balance it out by ruining the UI for all their devices for the next decade,5,1749509346.0,2025-06-09 22:49:06
mwwfndu,TurnoverAdditional65,"Felt like some really good quality of life updates to iOS and CarPlay, looking forward to release in Sept/Oct.  The updated glass interface is nice looking and welcome, but doesn‚Äôt feel like something amazing and new like they were saying.",4,1749502743.0,2025-06-09 20:59:03
mwwh3ul,loseniram,"Vision OS getting controller support and more entertainment/productivity updates for businesses is underrated.

The ability to have multiple personnel share a device and have shareable files that can be restricted via IT is very nice to have for industrial businesses like Automanufacturer design teams that can't justify buying like 10 Visions but could justify one or two with 12 user profiles. Hopefully Apple is smart and gives good tools to IT teams.

I'm hoping that these are signs that they are looking to release a 2000-2500 cheaper model that doesn't have the fancy stuff like the magnesium but keeps vision OS and the cpu.",5,1749503168.0,2025-06-09 21:06:08
mwx5a85,Derekeys,Love the iPad OS updates but I‚Äôm still bewildered there are no profiles in IPad OS.,4,1749510684.0,2025-06-09 23:11:24
mwwf7i7,alex-2099,"I‚Äôm really interested to see what devs do with the on-device models.

I think with all the concerns about AI‚Äôs ecological impact, a LOT of stuff we see in apps can be shifted to on-device models. And the fact that Apple is (to my knowledge) just letting devs have access to this for $99/yr is wild.",8,1749502617.0,2025-06-09 20:56:57
mwwk278,MUDI_MONYA,Feels like there‚Äôs a mismatch with what the product team hears and what customers want. People have been hoping for more stability and functional features. But instead it seems like visual branding stays a priority this year.,30,1749504034.0,2025-06-09 21:20:34
mww5h15,xkvm_,So few features for iPhones not supporting Apple intelligence. It was expected of course but still sucks,17,1749499887.0,2025-06-09 20:11:27
mww9umy,OriginalEvils,I missed parts of the event due to a work meeting. The rumor that gemini was going to be integrated alongside ChatGPT turned out to be false?¬†,4,1749501117.0,2025-06-09 20:31:57
mwx4e8k,twinflxwer,Oh my god the clear icons will be BEAUTIFUL,4,1749510397.0,2025-06-09 23:06:37
mwyel9k,gmanist1000,Do we still have 5GB of iCloud space?,4,1749526246.0,2025-06-10 03:30:46
mww5hpj,LevexTech,"https://preview.redd.it/7nklhjnaly5f1.png?width=2560&format=png&auto=webp&s=5e9c0f2512831c077fc27030bf32b36deec4f4ca

Here‚Äôs the macOS Tahoe wallpaper! (1440p)",7,1749499892.0,2025-06-09 20:11:32
mwwgbm5,Dr100percent,"Why is Visual Intelligence still relying on typing, why can't I use my voice? I figured this was an 18.2 oversight but it's still in iOS 26?",7,1749502937.0,2025-06-09 21:02:17
mww95k2,Fancy-Tourist-8137,Invasion? ü§¶,3,1749500920.0,2025-06-09 20:28:40
mwwmnto,Portatort,I can‚Äôt wait to put Apple support themselves on hold,3,1749504806.0,2025-06-09 21:33:26
mwwnjoz,prndls,Omg groups chats organization YASSSSSSSS!,3,1749505071.0,2025-06-09 21:37:51
mww5hdc,missingnoplzhlp,"I like the new design, LOVE the new iPad features.",7,1749499889.0,2025-06-09 20:11:29
mwwgutt,WardellBucketz,Is it me or do the icons for the new iOS update looks pixelated/blurry? They don‚Äôt look HD at all like before¬†,4,1749503095.0,2025-06-09 21:04:55
mww5b88,cape2cape,Left-aligned dialogs are back ü•≥,5,1749499842.0,2025-06-09 20:10:42
mww5c2r,LevexTech,"Here‚Äôs the wallpaper for iOS 26!

https://preview.redd.it/rbymoyo2ly5f1.jpeg?width=1080&format=pjpg&auto=webp&s=f4e9443676c15bc44458fbd026a6358f6909551b

Tell me if the quality stinks.",4,1749499848.0,2025-06-09 20:10:48
mwwa65b,speedster_5,I like the new design. Can't wait to use it.,4,1749501207.0,2025-06-09 20:33:27
mwx8r8b,ValenciaFilter,"*""hur dur bring back skeumrophism, flat design is so boring""*

Hope you're happy with this abomination lol",5,1749511811.0,2025-06-09 23:30:11
mwwjxm8,Vibes_And_Smiles,I feel like Apple has lost the plot. It's the worst WWDC in recent memory. Many of the parts of the keynote felt like they were included just to stretch the keynote to be long enough. A lot of the updates seem to be mid-2010s shallow tech UI updates rather than meeting the moment. 2/5 stars,5,1749503997.0,2025-06-09 21:19:57
mwwmc0w,venicerocco,"Apple‚Äôs ADHD is chronic right now 


They were sooo into Siri, then forgot about it. Then the Vision Pro, then Apple Intelligence, and now this redesign. 

Can they not see anything through without jumping into something new???",5,1749504707.0,2025-06-09 21:31:47
mwwap2g,xylococainetwopercen,"I don‚Äôt mind it as much and I feel like the final version is usually more refined than what is shown. 
On a semi unrelated note - Fuck The Verge for paywalling their liveblog.",2,1749501353.0,2025-06-09 20:35:53
mwwukrp,AHughes1078,Preview is also on iPhone and includes a dedicated Document Scanner to save right to your files!!,2,1749507235.0,2025-06-09 22:13:55
mwyk6p9,halolordkiller3,"I have to know, does anyone else feel like they dropped the ball across the board this year? No not everything is bad, but from design choice to lackluster features and no mention of addressing previous issues whilst adding fluff seems like a giant swing and a miss.",2,1749528575.0,2025-06-10 04:09:35
mx05dbv,fancyhumanxd,RIP Safari privacy mode iOS 26,2,1749557841.0,2025-06-10 12:17:21
mx0o2ru,RutabagaNeat1566,Is stage manager on iPhone now via usb c and external monitor?,2,1749564155.0,2025-06-10 14:02:35
mx5g2ye,Fer65432_Plays,I liked the event!,2,1749619152.0,2025-06-11 05:19:12
mww5k5g,YawnMcie,‚Äúwe have macOS at home‚Äù,3,1749499911.0,2025-06-09 20:11:51
mww8kfv,PeakBrave8235,"I¬†don‚Äôt care what anyone on this dumb website thinks.
Liquid Glass looks awesome and the design looks a lot better now. I see quite a few less 3 dot menus, which is awesome as well. It‚Äôs super beautiful, and I liked how it‚Äôs bringing Apple‚Äôs spatial design to everything. This is going to be so cool!¬†

I‚Äôm super excited for this. This event felt a lot more human (and very Apple) compared to ¬†Google‚Äôs AI AI AI AI AI AI AI AI event.¬†",6,1749500757.0,2025-06-09 20:25:57
mww8nyj,Claydameyer,"I made the mistake of falling for the rumor that this was going to showcase a significant re-design of the operating systems. It was a tweak.

There were some nice features introduced, and I think I'll generally like it all. There was just nothing earth-shattering. Which I suppose is to be expected.",6,1749500784.0,2025-06-09 20:26:24
mww3yte,tensei-coffee,chatgpt where are you keeping siri locked up??,3,1749499461.0,2025-06-09 20:04:21
mww6e52,MichelSilence,This liquid glass thing will 100% flop after beta rolls out,2,1749500145.0,2025-06-09 20:15:45
mww4swq,dissected_gossamer,"As is often the case with these recent events, they took what could've been a press release or web page and stretched it out into a major hour-and-a-half long ordeal.",5,1749499699.0,2025-06-09 20:08:19
mww6mdz,LazloHollifeld,So I can finally set my phone theme as Hot Dog Stand?,1,1749500210.0,2025-06-09 20:16:50
mwwbk22,Portatort,"Can someone clarify. 

Will IiOS26 automatically make those live activities for flights in your wallet?",1,1749501595.0,2025-06-09 20:39:55
mwwd7tm,Cyanide72,I have a rather silly question: will I need to do anything to my cars headunit for the new Apple CarPlay UI or will it work automagically once the iOS26 update is live? My car is the first Apple CarPlay equipped I‚Äôve owned so wondering if I‚Äôll need to do anything for the new features like the smaller call banner.,1,1749502061.0,2025-06-09 20:47:41
mwwge4i,Zykronyos,They just confirmed in the Platforms State of the Union that Tahoe is the final release for Intel Macs.,1,1749502958.0,2025-06-09 21:02:38
mwwgwxf,gggggmi99,One side-effect of the new menu bar customization options is I can now turn off menu bar icons for apps that would make me pay to do it in their app or don't give the option at all.,1,1749503112.0,2025-06-09 21:05:12
mwwm5v1,eljefe3030,All I care about is the song at the end. By far the best part. WHO is that performer?,1,1749504656.0,2025-06-09 21:30:56
mwwmsbq,newmacbookpro,"I just want Apple to focus on stability. I‚Äôim tired of having iOS and macOS performance to be directly tired to your wifi. Slow WiFi makes everything ultra buggy somehow. 
   
I‚Äôm tired of safari on iOS becoming randomly unresponsive, apps to suddenly take ages to lunch on a M3MAX MacBook Pro, tired of the iOS camera deciding not to work or launch randomly. Basically, I‚Äôm tired of not being able to rely fully on my Apple devices.
   
New features, design, etc. are nice but the basics were left out for years now.",1,1749504843.0,2025-06-09 21:34:03
mwwnm16,pleasefirekykypls,Anyone know how the iPadOs changes will look on an iPad mini?,1,1749505090.0,2025-06-09 21:38:10
mwwo7e4,quaks1,I'm testing the beta of iPadOS and can't share the enthusiasm. I don't see the point of having windows on the iPad. These can usually only be reduced in size to a certain extent... two windows and the screen is already full - I don't really see the point. We'll see... then give us MacOS for the iPad rather than this in-between thing... To all of you who are happy about windows and are already testing the beta: What exactly do you like about it - what is your usecase?,1,1749505271.0,2025-06-09 21:41:11
mwwqcod,A-Hind-D,"My biggest take away with the design language is that the accessibility aspect better be in a good place.

I like the transparency and the glass features coming back into style but the one thing that threw me was how Safari looked. That‚Äôs going to mess with folx with lower vision. 

But I would expect Apple to have that under control. I just hope they do. Otherwise I know a number of elderly family and friends who won‚Äôt like the surprise change on iOS and iPadOS. 

Tahoe on the other hand looks like it will be straightforward for upgrading company wide just like last year.",1,1749505921.0,2025-06-09 21:52:01
mwwtisa,googang619,Any news on HomePods?,1,1749506900.0,2025-06-09 22:08:20
mwwxxtg,Whiffler,Any Apple home changes? I was hoping they would add scheduled codes for locks,1,1749508318.0,2025-06-09 22:31:58
mwwyqdr,budaloco,I need to know who the singer was at the end! Amazing vocals!,1,1749508574.0,2025-06-09 22:36:14
mwxahts,Bloodbones17,They did not announced a new Apple TV 4K?,1,1749512379.0,2025-06-09 23:39:39
mwxhrkc,audigex,"Despite a couple of minor steps in the right direction announced here, Apple Intelligence is still so unimpressive

Compared to the Gemini keynote from Google a couple of weeks ago, it's clear Apple still aren't even competing in the same league",1,1749514824.0,2025-06-10 00:20:24
mwxmspl,Tetrylene,"Super intrigued for the possibility of using Apple intelligence as part of automation workflows, namely how it might work with Keyboard Maestro (which has some integration with Shortcuts I believe?)",1,1749516533.0,2025-06-10 00:48:53
mwxouis,AnotherLolAnon,How long must we wait for Apple to take Focus Modes seriously? Dumb phones are getting to be popular. I get ads for literal devices designed to brick your phone. It could be so simple for Apple to let you make a Focus Mode that hides all your apps except ones you need at work or what you need in bed or what you need for an emergency. And only show those apps! And only let those apps work when in that mode. It would also be cool to sandbox my work apps so I‚Äôm not tempted to peak at work emails when I‚Äôm at home and don‚Äôt get notifications from my pager app when I‚Äôm not on call.,1,1749517231.0,2025-06-10 01:00:31
mwxwskl,Llama_of_the_bahamas,"AI Apple Watch: ""That was a great workout, here's some cab fare""",1,1749519915.0,2025-06-10 01:45:15
mwy40gl,Spright91,"Google is coming with Android XR and Veo 3. Microsoft is coming with a new Handheld and innovating on quantum computing and agentic AI. 

Apple is giving us transparent icons and more responsive typeface. üòû.",1,1749522373.0,2025-06-10 02:26:13
mwy62om,thebengy66,"My big takeaways 

They have had a foldable in the works for sometime. The multitasking and windowing not so much. The UI screams multiple screens. A foldable is inbound (Mac/iPad hybrid?)

Lower end Vision Air also is near. Update is all about multiple devices that can collaborate and enjoy content in unison. Need to be able to afford more than one for that .

watchOS really needs an iPad software moment.",1,1749523098.0,2025-06-10 02:38:18
mwyqsp7,roadmapdevout,"Given that the last remaining meaningful distinctions between iPadOS and MacOS are disappearing - with now a menu bar, traditional window management, a proper file browser and a proper cursor - Why not just let people launch .app files?",1,1749531547.0,2025-06-10 04:59:07
mwza2vz,hitmonng,Great GUI design stays out of your way. This Liquid Glass is like a toddler on a sugar high screaming ‚ÄúLook at me! Look at me!‚Äù,1,1749541921.0,2025-06-10 07:52:01
mwzej57,Artistic_Pear1834,"Email was on my ‚Äòwant to see‚Äô list.    Nothing great great, but 2 new tweaks (using AI)

From release page:

1) Reminders from mail:  - ‚ÄúThe most relevant actions in an email, website, note, or other content can now be identified and automatically categorized in Reminders‚Äù.

2) Order tracking from mail:    - ‚ÄúApple Wallet can now identify and summarize order tracking details from emails sent from merchants or delivery carriers. ‚Äú ‚ÄúThis works across all of a user‚Äôs orders, giving them the ability to see their full order details, progress notifications, and more, all in one place.‚Äù",1,1749544577.0,2025-06-10 08:36:17
mwzepgo,Sat0shi619,"Just read this blog, gives the event summary in 2 minutes: [https://medium.com/@aksh8t/everything-apple-announced-at-wwdc-2025-liquid-glass-ios-26-new-camera-app-look-and-much-more-c3769c2ac9c2](https://medium.com/@aksh8t/everything-apple-announced-at-wwdc-2025-liquid-glass-ios-26-new-camera-app-look-and-much-more-c3769c2ac9c2)",1,1749544684.0,2025-06-10 08:38:04
mx168m8,Brilliant_Editor5548,Apple should make an ultra futuristic transparent glass phone.,1,1749569408.0,2025-06-10 15:30:08
mx1zawz,roylee77,"There is absolutely no way I can believe that design team though this was something to shout about, especially liquid glass. 

They should be fired!",1,1749577505.0,2025-06-10 17:45:05
mx3jhfv,MM487,I love the new simplified look of the camera. I'm one of the 99% of people that only uses the default photo and video and will never change it and not seeing all that extra bloat is a good thing.,1,1749593643.0,2025-06-10 22:14:03
mx50666,vengefulgrapes,"I know I'm late to this, but actions in Spotlight looks GREAT. Multiple desktop apps have individually implemented command palettes, so being able to search menu bar items in any app seems incredible. Very jealous as a Windows user.

EDIT: holy SHIT. With incredible timing, I accidentally pressed the ""f"" key as I was browsing Reddit and noticed that even RES has a command palette!",1,1749612013.0,2025-06-11 03:20:13
mww42s4,Ok-Butterscotch-6955,Meh,1,1749499493.0,2025-06-09 20:04:53
mwwkxl2,dissected_gossamer,"This is what happens when hardware devices, operating systems, and apps are mature. There's nothing left to revolutionize. Nothing mind blowing left to unveil. Updates become evolutionary iterations, sometimes for better, sometimes for worse. It's often change for change's sake.

Think cars, refrigerators, toasters. Companies release new models every year with minor tweaks. Nothing mind blowing year after year. There aren't any companies coming out with 5 wheel cars, or cars that drive on their sides, or joysticks and buttons instead of steering wheels and pedals. These are mature products that have reached standardization.

Electronics have reached that point too. We've been at peak smartphones, peak laptops, peak computers, peak cameras, and peak operating systems for several years. Unless there are breakthroughs in physics, this is where we are for the foreseeable future.

Manage your expectations. Get used to not having your mind blown for a while. Just like cars. Just like refrigerators. Just like toasters. And that's ok.",1,1749504292.0,2025-06-09 21:24:52
mww60al,alijamzz,"So far so good with the beta on my phone and tv. It is quite pretty. A bit laggy here and there, tried shuffling through my lock screen photos to see the different clock effects but it didn‚Äôt really cooperate well. 

Screenshots are very annoying now. I don‚Äôt want to manage it at the time. I want to laugh at the stupid face my friend made not go into crop and edit mode",1,1749500038.0,2025-06-09 20:13:58
mwwbu1z,00pflaume,"The iPhone Xs does not get iOS 26, but the iPad Air 3rd generation with the same CPU and less ram gets iPadOS 26.

Seems like iPhone Xs is excluded artificially to push users to upgrade to a new iPhone",1,1749501673.0,2025-06-09 20:41:13
mwxv4su,illusionmist,"DO NOT install developer beta 1 on your main devices people. 

‚Äî Sent From iOS 26",1,1749519361.0,2025-06-10 01:36:01
mwzbg1v,AleSklaV,We used to tremble with anticipation of breakthrough devices and functionality now we witnessed a WWDC being about new colors and new icons.,1,1749542715.0,2025-06-10 08:05:15
mwwlrnn,venicerocco,Can I get a yay or nay on this so I don‚Äôt have to sit through the presentation.,0,1749504539.0,2025-06-09 21:28:59
mwx156h,Tainted-Archer,"This is not iOS 26 and at MOST this should be iOS 18.5.0. This was the worst WWDC I think I‚Äôve ever seen. 

Honestly all of those iOS features look like they could have been completely by just a couple developers and it‚Äôs embarrassing that this is how they wanted to use to create such a version change bench mark.",-3,1749509350.0,2025-06-09 22:49:10
mww81hj,RutabagaNeat1566,Any stage manager for iPhone?,0,1749500610.0,2025-06-09 20:23:30
mwwrns8,FreshHamster,Is the order tracking only for Apple Pay orders?,0,1749506319.0,2025-06-09 21:58:39
mx14bc0,Expert_Jack_1845,Better be an option to turn liquid glass off,0,1749568863.0,2025-06-10 15:21:03
mx2s90d,xxFT13xx,I‚Äôm very lost here. We just got iOS 18 not too long ago. So why are they announcing iOS 26? What am I missing here?,0,1749585685.0,2025-06-10 20:01:25
mx5x5bs,Bulbasaur2015,"iOS 18: Trash  
iOS 26: Trash Part 2",0,1749628671.0,2025-06-11 07:57:51
mwwk6ky,[deleted],[deleted],-7,1749504070.0,2025-06-09 21:21:10
mwx6iq7,Havoc2638,Such a welcome change,17,1749511086.0,2025-06-09 23:18:06
mwxvfps,TexasShiv,The fact that shit like this is readily celebrated and not just a small change made on update cycles through the year is genuinely hilarious.¬†,19,1749519464.0,2025-06-10 01:37:44
mww6n8x,theaceplaya,The formatting in this comment is **ELITE**. Thank you,125,1749500217.0,2025-06-09 20:16:57
mww741m,cjohnson481,"I was really glad to see Journal on both iPadOS and MacOS. I know it seems small and trivial, but I‚Äôm hoping that this is a change that is they are going to create an app for iOS, that they release it across devices at the same time. I won‚Äôt try and say release Journal to be used on the web through iCloud.com. That would be asking for too much.",30,1749500347.0,2025-06-09 20:19:07
mwwqp38,ThinkOrDrink,">> Apple not too worried about what happens after 2099

Apple ME",15,1749506026.0,2025-06-09 21:53:46
mwwbrcf,thedonmoose,"Love this comment! A few features that were standouts to me that you didn't mention:

- Photos app restores the old collections tab
- Live translate (allegedly) works on Facetime calls with captions and real-time translation on cellular calls
- No more full-screen incoming calls for Carplay + Live Activities on the multi-view screen + AOD-style Widgets screen (still confused on how this will look)",20,1749501651.0,2025-06-09 20:40:51
mwwa5mc,elessarjd,"Love the commentary and writing style, very entertaining to read through",5,1749501202.0,2025-06-09 20:33:22
mwxf36v,Navydevildoc,"""Craig's Fantasy"" might have more to do with the strange studio audio recording and the presenters miming along with their own speech than anything else.

It was incredibly jarring.  If they think they pulled it off, someone needs to tell them they didn't.  I felt like I was watching a bad music video most of the time.",2,1749513911.0,2025-06-10 00:05:11
mx1xc9p,sozh,"> Apple Cash request and sending in groups
> 

this actually seems potentially huge. right now, most folks I know use Venmo or Zelle, but if Apple can make it easy to pay from iphone to iphone, they could snag a chunk of that market

how they make money on it, I'm not sure...",2,1749576971.0,2025-06-10 17:36:11
mwylal5,contact,What‚Äôs the best Linux distro to run on Intel MBPs these days?,3,1749529061.0,2025-06-10 04:17:41
mwxyyfv,Kevin-W,Multi window tasking is what I'm most excited about!,2,1749520640.0,2025-06-10 01:57:20
mwwr1pv,Benromaniac,"I want to get rid of my phone and use only an  iPad as a phone. 

Would be nice if that were an option. Seeing as ipad is one of their smallest markets, it‚Äôd be nice to see a special edition ipad with full phone capabilities. No iPhone required

What Apple neglects to understand is an ipad phone is a compelling ‚Äòkit‚Äô gateway.  More reason to buy apple watch and airpods.",3,1749506132.0,2025-06-09 21:55:32
mwx9ai8,FreakingAustin,"Been waiting for this ever since iPadOS split off from iOS. We're getting pretty close to being able to just plug an iPad into a desktop hub with a keyboard, mouse, speakers, and maybe two external monitors.",3,1749511985.0,2025-06-09 23:33:05
mwyisee,notkishang,I'm right now just wondering why I even own a Mac anymore üò≠,2,1749527979.0,2025-06-10 03:59:39
mwy2yg9,mfsp2025,Tempted to sell my MacBook Pro and 2020 iPad Pro 11 and get an M4 iPad Pro 13 inch as my primary device. I don‚Äôt do any workload intensive tasks but NEED the 120Hz,1,1749522006.0,2025-06-10 02:20:06
mwzb9h1,AleSklaV,"Not me. Now that iPadOS is practically a variant of macOS I wonder which is the position of iPad in the product line, which is the additive value of this device.

Why should I spend 20%-30% more than I would for a MacBook Air 15‚Äù to get a device which resembles it but has less functionality?",0,1749542610.0,2025-06-10 08:03:30
mx263fr,Cold-Astronaut9172,I can‚Äôt wait to share presentations on MSTeams like I can on MacOS! üòÉ,0,1749579373.0,2025-06-10 18:16:13
mx62ugs,Sat0shi619,You need to see this bruh- https://medium.com/@aksh8t/everything-apple-announced-at-wwdc-2025-liquid-glass-ios-26-new-camera-app-look-and-much-more-c3769c2ac9c2,-1,1749632124.0,2025-06-11 08:55:24
mwwh3x1,Icy-Pay7479,"At this point it's creating more work for them to ***not*** allow MacOS. My iPad will be significantly more useful, but cmon.",2,1749503169.0,2025-06-09 21:06:09
mwwt32f,rawrcutie,"Yeah, the notifications on Lock screen seemed difficult to read.",27,1749506764.0,2025-06-09 22:06:04
mx2zkc1,cogitoergosam,Anything less would be a massive step backwards for accessibility.  The contrast levels in many of the screenshots looked far out of compliance with WCAG standards.,4,1749587722.0,2025-06-10 20:35:22
mww6yzr,PeppermintHoHo,Rendering glass effects is resource hungry. Fully expecting older hardware to struggle.,61,1749500308.0,2025-06-09 20:18:28
mwwpsoq,mflboys,"Mine was laggy for the first hour or so, but way better now.",14,1749505752.0,2025-06-09 21:49:12
mwy4906,PeaceBull,I n d e x i n g,9,1749522456.0,2025-06-10 02:27:36
mwwgg7g,Koktkabanoss,My ipad pro m1 is struggling ü•π,3,1749502975.0,2025-06-09 21:02:55
mwwhdn0,andhausen,Wow a beta has bugs. That‚Äôs fucking crazy,25,1749503247.0,2025-06-09 21:07:27
mww7ls2,zorinlynx,Sounds like this is going to be iOS 7 all over again.,4,1749500486.0,2025-06-09 20:21:26
mwx6yi8,FreakingAustin,"Will probably wait for the big iOS 26.1 update this year, since there's probably going to be more bugs with an update as big as this one.",2,1749511227.0,2025-06-09 23:20:27
mwzgaoy,FrozenPizza07,"my 16pro is running fine but it gets EXTREMELY hot just having the phone open

my ipad pro 11"" gen1 is laggy though.",1,1749545631.0,2025-06-10 08:53:51
mwwjug0,ChairmanLaParka,"> 
> I LOVED the Carplay changes, Live Activities + NO MORE FULL SCREEN CALLS
>
> Call screening + Call hold are amazing QoL features

These are my two most requested features, and like Jesse Spano, I'm so excited!",16,1749503971.0,2025-06-09 21:19:31
mwxo0sp,waterbed87,"It‚Äôs a developer beta, it‚Äôs hard to remember specifics anymore but I remember hating iOS 7 too with some really ugly and hard to read elements here and there and they got buffed out. I‚Äôd submit a feedback report about the specific instances that suck and try not to worry as it will probably get refined by release.",36,1749516949.0,2025-06-10 00:55:49
mwwas34,PuzzledBridge,Yikes,19,1749501377.0,2025-06-09 20:36:17
mwwpx8p,PeakBrave8235,Nope. Couldn‚Äôt disagree more,-16,1749505791.0,2025-06-09 21:49:51
mwx7xnm,hasanahmad,Wrong https://www.threads.com/@hasanahmad/post/DKsoLNjvAT-?xmt=AQF0Op7Cmzzo8lF5urhp07w4m8w_Nhl_VwbwKtSaoV0yRw,-17,1749511543.0,2025-06-09 23:25:43
mww582p,cape2cape,You never used Mac OS X? It‚Äôs what Vista copied.,45,1749499817.0,2025-06-09 20:10:17
mwzju8l,DigitalStefan,No. If anything it‚Äôs the evolution of circa year 2000 Aqua design.,3,1749547730.0,2025-06-10 09:28:50
mww6mjt,PeppermintHoHo,Aero,2,1749500211.0,2025-06-09 20:16:51
mww8ri1,PeakBrave8235,"You‚Äôve never seen Aqua?

You‚Äôve never seen Apple‚Äôs spatial OS, which is literally what this is modeled after?

Cmon",-2,1749500812.0,2025-06-09 20:26:52
mww89bu,exjr_,I forgot to schedule one ahead of time as we usually do.,11,1749500671.0,2025-06-09 20:24:31
mwyolle,raptornomad,And the hairdo got higher.,5,1749530540.0,2025-06-10 04:42:20
mwwbsez,mrcsrnne,"Also, not gonna lite, that liquid glass looks kinda sweet",2,1749501661.0,2025-06-09 20:41:01
mwyzg82,007meow,"People have been asking for a visual refresh and it helps the overall product feel fresher, especially with all of the years of stagnant iPhone design. 

But also given the lack of any overall headlining features, a UX refresh seems to be their saving grace this year.",9,1749535911.0,2025-06-10 06:11:51
mwwrxsh,venicerocco,Apple work for shareholders not consumers. Shiny and new is all they need to hear,9,1749506405.0,2025-06-09 22:00:05
mx64lyu,cottonycloud,"All I want is to be able to customize the iMessage text bubble color to be the same, no matter if it's SMS, MMS, RCS, or iMessage. Or at the very least, change it from the purposely obnoxious green color.

Obviously, it's never going to happen because Apple, so I guess I have to be satisfied with animated backgrounds.",2,1749633207.0,2025-06-11 09:13:27
mwyvwhs,milesper,"??? People have absolutely been asking for a redesign, for like the last 5 years at least",2,1749534062.0,2025-06-10 05:41:02
mwymac5,PeakBrave8235,">product team hears and what customers want

They bitched for a Mac style window system on iPad. Now they have it.¬†",1,1749529498.0,2025-06-10 04:24:58
mx4dyn0,NihlusKryik,What users/customers say they want and what they want aren't always in alignment.,1,1749603925.0,2025-06-11 01:05:25
mwwrxeo,thethurstonhowell,Was probably confused with the feature to search your current screen contents on Google.,7,1749506402.0,2025-06-09 22:00:02
mx8cbox,dstranathan,Fight the good fight brother.,2,1749661728.0,2025-06-11 17:08:48
mwwtld0,rawrcutie,How is that show still going?!,3,1749506924.0,2025-06-09 22:08:44
mwwtquh,rawrcutie,Oooh!,1,1749506971.0,2025-06-09 22:09:31
mwwmfhc,wmru5wfMv,Ah we get this comment every single year,1,1749504736.0,2025-06-09 21:32:16
mwwwzgd,martinsdudek,It‚Äôs almost like different teams are responsible for different features,5,1749508010.0,2025-06-09 22:26:50
mwx0pm8,axord,[visionOS got a pretty big update](https://9to5mac.com/2025/06/09/visionos-26-announced-with-spatial-widgets-all-new-personas-more/) and the keynote talked about Apple Intelligence constantly.,1,1749509210.0,2025-06-09 22:46:50
mwwp7mi,wmru5wfMv,"You haven‚Äôt even watched the keynote, how can you comment on it?

https://www.reddit.com/r/apple/s/ZlDhPaMtjq",0,1749505576.0,2025-06-09 21:46:16
mwzsy2h,AvecFromage,"Yes, liquid glass looks comically bad (illegible or intrusive and clunky) in so many places ‚Äî they will need to massively tone this down by final release. It makes sense for a AR headset but not for universal design across all devices. I‚Äôm just shocked they went in this direction. People really just wanted new icons lol.",2,1749552582.0,2025-06-10 10:49:42
mwxfcsr,Navydevildoc,For real.,1,1749514002.0,2025-06-10 00:06:42
mwwj7j3,ENaC2,"We were promised a complete overhaul in the design language, which is what we got. If you expected an earth shattering revolution when iOS updates have been consistently iterative for a decade then that‚Äôs on you.",6,1749503784.0,2025-06-09 21:16:24
mwwder1,Advanced_Concern7910,"Yeah its just effectively a mild design tweak, when they said they were trying to align all the operating systems I expected more functionality, not just a new translucent overlay.",5,1749502114.0,2025-06-09 20:48:34
mww8ugf,saw-it,"Good news for you, they did both",7,1749500835.0,2025-06-09 20:27:15
mww7mwb,mflboys,The fuck are you talking about? You really expect them to produce more than this *each year*? And a new design language for the entire OS suite is a press release in your mind?,14,1749500495.0,2025-06-09 20:21:35
mww5edd,Lord6ixth,"As is often the case with these recent events, there is a bunch of noisy whining that could have been left in the drafts.",16,1749499866.0,2025-06-09 20:11:06
mwwg46i,ENaC2,"You know, you don‚Äôt actually have to watch the event, right?",5,1749502878.0,2025-06-09 21:01:18
mwwf107,mental-echo-,No need,2,1749502566.0,2025-06-09 20:56:06
mwwxo24,martinsdudek,That‚Äôs gonna happen alongside the new HomeOS/HomePod w/ Screen announcement later this year because it‚Äôs all dependent on the delayed AI-powered abilities.,3,1749508229.0,2025-06-09 22:30:29
mwyq0ae,codeverity,Can you not already do the app thing?,1,1749531182.0,2025-06-10 04:53:02
mx170hh,Brilliant_Editor5548,"It doesn't have to be actually transparent. It can be wrapped in pixels on all sides and project the background behind the glass UI with AR tech.

#",2,1749569632.0,2025-06-10 15:33:52
mwwrw4q,PuzzledBridge,"I completely disagree. The real limitation isn‚Äôt physics‚Äîit‚Äôs lack of imagination and reluctance to invest in unproven concepts. If groundbreaking features were easy to create, they wouldn‚Äôt be groundbreaking.

What we‚Äôre seeing now at Apple is leadership that‚Äôs afraid to take big swings and has fundamentally lost¬†touch with what made the company great.",4,1749506390.0,2025-06-09 21:59:50
mwxbn3n,dplans455,Folding phones are getting better and companies pumping money into their R&D are leaving Apple in their dust.  With how many folding phones Samsung and Motorola have sold in the last several years it's obvious there is a market for it.  Where is Apple's version?,1,1749512750.0,2025-06-09 23:45:50
mwwbdq7,itastesok,Hows readability with the new interface? Any problems with text mixing in with background colors?,0,1749501546.0,2025-06-09 20:39:06
mwwtt5n,[deleted],[deleted],1,1749506991.0,2025-06-09 22:09:51
mx3p80w,WolfXemo,"They‚Äôre just simplifying/unifying version numbers. Now, the OS will carry the number representing the year it will be used the most, in this case iOS 26 for 2026 (since it releases this fall).

See this video (at 12:37): https://www.youtube.com/live/0_DjDdfqtUE",2,1749595531.0,2025-06-10 22:45:31
mwwml03,wmru5wfMv,I think you misunderstood what the WWDC keynote is,4,1749504782.0,2025-06-09 21:33:02
mwxa1gi,Lambdabam,Seriously. I don‚Äôt understand why it was a thing in the first place.,9,1749512231.0,2025-06-09 23:37:11
mwxyxyc,Lambdabam,We‚Äôve had CarPlay for how many years? It should‚Äôve been this way from the start and not have to come through an OS update.,2,1749520636.0,2025-06-10 01:57:16
mwzmks1,FeCurtain11,I feel like it tells a lot about a person whether they respond to good news with excitement vs ‚Äúthis should have been this way already‚Äù.,1,1749549291.0,2025-06-10 09:54:51
mwwzls1,westphall,Apple adding markdown to Notes this week is already paying off!,16,1749508854.0,2025-06-09 22:40:54
mx62smd,Sat0shi619,Check this out then- https://medium.com/@aksh8t/everything-apple-announced-at-wwdc-2025-liquid-glass-ios-26-new-camera-app-look-and-much-more-c3769c2ac9c2,2,1749632092.0,2025-06-11 08:54:52
mwxd5g4,kitsua,Here‚Äôs hoping for a cross platform Classical Music app to follow.,5,1749513252.0,2025-06-09 23:54:12
mwwsng5,rawrcutie,What. 100!!,4,1749506627.0,2025-06-09 22:03:47
mwy90j0,Specialist_Sky_7798,The CarPlay fix for the stupid full screen incoming calls was the biggest star of WWDC,3,1749524143.0,2025-06-10 02:55:43
mx0d22n,mtgofficialYT,">Apple not too worried about what happens after 2099

At that point, they will reuse. Only Reddit will be saying ""Wait you used that 50+ years ago!""",1,1749560598.0,2025-06-10 13:03:18
mwzalzs,masklinn,Friend mentioned being very pleased with CachyOS just yesterday.,5,1749542226.0,2025-06-10 07:57:06
mwyqphc,Dodahevolution,"Generally speaking, if the model works with one distro, any should work(assuming we are talking up to date with somewhat recentish kernels). IMO, research if your model supports Linux period, then research which distros stances on things matches up with your approach.

Just comes down to pref of de/wm, package management and w/e else comes with that distro. My personal rec is, if you want stable, old, but rock solid distro, Debian. Most up to date packages, Arch. Tbh, arch being unstable is kinda overblown, I run light maintenance(literally package updates) on my machine and it's coasted for years. Nothing's broken.",2,1749531506.0,2025-06-10 04:58:26
mwxahnk,pyrospade,"I mean you can do that already, minus the two monitors",2,1749512377.0,2025-06-09 23:39:37
mx0wqay,WeirdIndividualGuy,"> ever since iPadOS split off from iOS

But it didn't. They both use the same APIs. The only real difference between the two is iPad uses split screen and has peripheral support.

As far as developing between the two, all devs see is a different screen size",0,1749566694.0,2025-06-10 14:44:54
mwzcty7,snejk47,"iPadOS runs only mobile apps so it's not a variant of macOS.

But I never understood iPad without having the ability to multitask. Now I am not still convinced anyway.",5,1749543548.0,2025-06-10 08:19:08
mx4d7jt,NihlusKryik,"This happened with 7 too, although 7 was way out there, I can see 26 being tweaked a bit and coming into compliance.",2,1749603661.0,2025-06-11 01:01:01
mwwopvf,5redie8,Have to make a reason for the >3 year old devices to slow down juuuuust enough to make it annoying as hell to use so the new ones get bought I guess,28,1749505428.0,2025-06-09 21:43:48
mwxqnaf,abc123shutthefuckup,So you‚Äôre telling me I shouldn‚Äôt install this on my 13 Pro Max?,3,1749517837.0,2025-06-10 01:10:37
mwzfpfp,parsnippityjim,If windows vista did it in 2007 I doubt it‚Äôs *that* intense.,0,1749545281.0,2025-06-10 08:48:01
mwx4fb5,penskeracin1fan,Every year people say it‚Äôs so slow and after it indexes it‚Äôs fine lol yep,16,1749510407.0,2025-06-09 23:06:47
mwwkmli,GTFOScience,Sometimes the iOS betas are pretty good to be honest.,23,1749504202.0,2025-06-09 21:23:22
mwwlwqn,Koktkabanoss,Yes but 3 months to fix this seems a bit worrysome üòÖ,-3,1749504581.0,2025-06-09 21:29:41
mx19cjr,WeirdIndividualGuy,"Still, even as the first beta, you mean to tell me that for however many months/years, none of the dozens/hundreds of people at Apple that worked on this UI found any issue at all with the legibility of text?

There's ""this feature is still being refined and may have bugs"" type of issues, and then there's ""we did this day one and never saw anything wrong with it, why are you complaining/using it wrong"" type of issues. This is the latter.",0,1749570291.0,2025-06-10 15:44:51
mwwpyfv,PeakBrave8235,Nope. He‚Äôs wrong,-23,1749505801.0,2025-06-09 21:50:01
mwwqfer,IM_KYLE_AMA,Glad you like it. As a professional designer I will never use any of this in my work and I doubt others will either. Especially since some of it like the full liquid glass effect can‚Äôt be replicated in browsers.,12,1749505944.0,2025-06-09 21:52:24
mwxhmfe,Pls-No-Bully,"You can't just say ""wrong"" to dismiss other peoples opinions.

Plus, your video is going over the most simple type of relatively plain content possible (Wikipedia). Make a video in the Apple Music app instead.",10,1749514775.0,2025-06-10 00:19:35
mwy3ttt,These_Actuator6894,You are using threads. Opinion discarded. You are now dismissed.,3,1749522308.0,2025-06-10 02:25:08
mww9cz9,dissected_gossamer,"When Apple's Aqua UI debuted, it was all about glossy buttons and pinstripes everywhere. I don't recall any translucent glass or blurring. Windows Aero was different from Aqua- translucent glass windows and menu bars that would blur everything behind them. It looked nice.

OS X didn't start doing that until after Windows Vista.

Compare any version of OS X from 2001 to 2006 to Vista. They look totally different. OS X went from candy buttons and pinstripes, to brushed metal. Nothing like Vista.",52,1749500977.0,2025-06-09 20:29:37
mww6zgy,sulaymanf,"The worst parts of transparency bleeding colors behind your windows, started in macOS Mojave, now cranked up all the way.",7,1749500312.0,2025-06-09 20:18:32
mwwoep8,Mollan8686,"lol, no. I still remember the laughs during Steve jobs keynote when he showed Leopard (iirc) desktop and people thought it was a Windows Vista pun‚Ä¶ then they realised‚Ä¶",4,1749505333.0,2025-06-09 21:42:13
mwwht7d,vanjib1,"Yeah, that's before my time üò¨",2,1749503373.0,2025-06-09 21:09:33
mww7foz,saw-it,"And then Apple said, let‚Äôs copy the worse things from vista",4,1749500439.0,2025-06-09 20:20:39
mww8sc2,PeakBrave8235,Exactly,1,1749500818.0,2025-06-09 20:26:58
mwwatv5,staticusmaximus,"Aqua wasn‚Äôt this translucent glass style at all. It was glossy buttons and striping. It was fresh and very cool.

This is way closer to Vista‚Äôs design language, which yes, Apple borrowed from for their VR OS- and to be fair they did a beautiful job.

It works very well for a 3D spatial OS- there‚Äôs real life stuff behind the windows in real time. 

On a phone, this looks like a headache imo.

I don‚Äôt like it lol",14,1749501391.0,2025-06-09 20:36:31
mwwvhsc,ItsColorNotColour,Why are you so obsessed with this that you have to comment about this specific thing multiple times?,4,1749507528.0,2025-06-09 22:18:48
mx0bbze,Seeker_Of_Toiletries,"Shareholders want Apple to raise their stock price by becoming more profitable, which happens when you sell to customers. What is this bad logic ? Maybe most people aren't power users on reddit who have no care for aesthetics and apple's billion dollar team know who they are designing for.",2,1749560007.0,2025-06-10 12:53:27
mwxqig0,shrekalamadingdong,What phones do you think these shareholders use?,3,1749517791.0,2025-06-10 01:09:51
mwwmrss,Vibes_And_Smiles,I didn‚Äôt feel this way about 2023 or 2024 fwiw,2,1749504839.0,2025-06-09 21:33:59
mwy0xnb,venicerocco,"Correct, and that illustrates appallingly bad steward ship from CEO Tim Cook whose job it is to deliver.",3,1749521307.0,2025-06-10 02:08:27
mww8x6d,PeakBrave8235,"1000000%

Fuck their mentality. I‚Äôm tired of stupid trolls lol",6,1749500856.0,2025-06-09 20:27:36
mwwh66k,Vibes_And_Smiles,"Honestly, yeah. They‚Äôre Apple.",1,1749503187.0,2025-06-09 21:06:27
mwwm8sp,Cyanide72,Thanks! That‚Äôs a reliefüôèüèª,1,1749504680.0,2025-06-09 21:31:20
mwzydn4,AnotherLolAnon,No. You can only turn off notifications for apps,1,1749555016.0,2025-06-10 11:30:16
mwwexi1,alijamzz,"It‚Äôs very‚Ä¶ bubbly. I enjoy that aspect of the liquid glass. I haven‚Äôt noticed readability being difficult. 

It does feel very beta-ey. Things don‚Äôt pop up quickly or as easily.",3,1749502539.0,2025-06-09 20:55:39
mwwuoyq,FreshHamster,"this is from the apple website: **Apple Wallet** can now identify and summarize order tracking details from emails sent from merchants or delivery carriers. This works across all of a user‚Äôs orders, giving them the ability to see their full order details, progress notifications, and more, all in one place.",2,1749507271.0,2025-06-09 22:14:31
mwwu1it,FreshHamster,"Hmm then what's the difference in the new version? I thought it already did that, i'm seeing conflicting answers to this",1,1749507065.0,2025-06-09 22:11:05
mwxlfn1,Havoc2638,Can‚Äôt agree more,3,1749516072.0,2025-06-10 00:41:12
mxb9a18,Positronic_Matrix,"This is a standard antisocial behavior for humans, so much so that every every language has a word for it.  In English the word is ‚Äúkilljoy,‚Äù being person who deliberately spoils the enjoyment of others through resentful or overly sober behavior.  Trolling is as old as humanity.",1,1749694763.0,2025-06-12 02:19:23
mx0y4d5,thedonmoose,It was the only time I literally paused the stream. I couldn't believe my eyes lmao,1,1749567094.0,2025-06-10 14:51:34
mx7z9rz,contact,I haven‚Äôt heard of this. Will have a look.,1,1749658025.0,2025-06-11 16:07:05
mx7z6jo,contact,"Awesome info.  Thanks üôèüèª 

It‚Äôs sounds like Debian will be making its way back into my life again!",1,1749657999.0,2025-06-11 16:06:39
mwzcx6t,AleSklaV,"It‚Äôs not a mobile it‚Äôs not a laptop. It used to be a mobile with larger screen and interactive interface now it‚Äôs even less that.

And the worse of all is, it‚Äôs priced more than a laptop",0,1749543603.0,2025-06-10 08:20:03
mwxdwnt,kitsua,It‚Äôs the first iteration of a beta version of a completely new system. They‚Äôre not spending any time making it intentionally worse on any device.,38,1749513504.0,2025-06-09 23:58:24
mx05oqe,lIlIllIIlllIIIlllIII,"Check out r/iosbeta. People are saying that after the initial indexing is done, it runs a lot smoother",2,1749557963.0,2025-06-10 12:19:23
mwzmorw,Han-ChewieSexyFanfic,Vista did transparency and blur. This is doing that in addition to refraction simulations.,2,1749549351.0,2025-06-10 09:55:51
mx1c4pk,wolfchuck,"It‚Äôs so annoying.
X was filled with these people.
‚ÄúI just downloaded and installed a brand new major version of OS and my phone is so laggy don‚Äôt do it!‚Äù
Meanwhile, their phone is still 200 degrees since it just finished the update while being plugged in.

Let the phone cooldown and the background processes finish and it‚Äôs not as bad. It‚Äôs not perfect. But it‚Äôs not a sluggish, horrible mess.",1,1749571063.0,2025-06-10 15:57:43
mwx4cde,Tainted-Archer,They were always good and I feel like I could pinpoint exactly when they went to shit and it was the introduction of SwiftUI in iOS 13.,2,1749510380.0,2025-06-09 23:06:20
mwwtvlm,bass_bungalow,Developer beta is always very buggy. First public beta is usually pretty solid,9,1749507012.0,2025-06-09 22:10:12
mwwz1db,Big-Plankton3854,This happens every single year. It‚Äôs almost always fine by launch,6,1749508672.0,2025-06-09 22:37:52
mwwqlua,PeakBrave8235,I heard the same shit about iOS 7.¬†,-11,1749505998.0,2025-06-09 21:53:18
mwxriuc,hasanahmad,"I don‚Äôt sub to music . Here is one with the new photos app https://www.threads.com/@hasanahmad/post/DKskDgRvUiJ?xmt=AQF0_MumD7Yg9v4LeYgdmVVRTxVODTwdYDqXmHIX43OA-Q

And here is one on the Home Screen 

https://www.threads.com/@hasanahmad/post/DKspK2IvSWw?xmt=AQF0mFiSZFL6DA8NsCkq5_6g1-sxU-Fw9CLt8qDux_rMFA",-7,1749518133.0,2025-06-10 01:15:33
mwxfpom,fishbert,"> I don't recall any translucent glass or blurring.

[Really?](https://babich.biz/content/images/2022/08/aqua_button-2.jpg)

From the [developer documentation](https://web.archive.org/web/20081007191229/https://developer.apple.com/documentation/MacOSX/Conceptual/OSX_Technology_Overview/UserExperience/chapter_6_section_2.html):  
_""Aqua applications incorporate color, depth, **translucence**, and complex textures into a visually appealing interface.""_",14,1749514123.0,2025-06-10 00:08:43
mwyr0cg,roadmapdevout,Aero was obviously primarily inspired by Aqua. Attention was drawn to this at the time.,6,1749531647.0,2025-06-10 05:00:47
mwwbj5f,cape2cape,"It was all about liquidy buttons and transparency everywhere, including windows and menus.",-4,1749501588.0,2025-06-09 20:39:48
mwy4wtz,No_Register_5841,A phone UI design faithful to aqua actually sounds pretty awesome.,1,1749522689.0,2025-06-10 02:31:29
mwwz69t,PeakBrave8235,"Why are people incorrectly attributing it to Aero and not Apple‚Äôs Aqua and spatial interface?¬†

Why are you upset that I‚Äôm correcting it?",-4,1749508715.0,2025-06-09 22:38:35
mwxwha3,Ok_Situation_8192,"Regardless of that, shareholders do not and should never represent a consumer base",2,1749519811.0,2025-06-10 01:43:31
mwy1jyg,venicerocco,"Irrelevant. The point here is that putting time, money, effort, resources into a shiny new interface is is better for the short term bottom line",-1,1749521520.0,2025-06-10 02:12:00
mwwmyk7,wmru5wfMv,"Ah cool, it was just a half joke but every year someone says it was the worst WWDC ever",2,1749504895.0,2025-06-09 21:34:55
mx0tqzq,codeverity,"Huh. How do I have different home screens set up, then? ü§î I‚Äôll have to figure that out",1,1749565833.0,2025-06-10 14:30:33
mx52upz,MithrilHuman,They‚Äôre not spending any time making it intentionally optimized either,1,1749613114.0,2025-06-11 03:38:34
mx0nay6,dahooddawg,SwiftUI is üóëÔ∏è,1,1749563919.0,2025-06-10 13:58:39
mwys2fh,Koktkabanoss,A redesign happens every single year? A taxating glass layer ? üòÖ,2,1749532152.0,2025-06-10 05:09:12
mwwr241,IM_KYLE_AMA,Nope. Couldn‚Äôt disagree more,8,1749506136.0,2025-06-09 21:55:36
mwxsldv,Pls-No-Bully,"Thanks for sharing that. In my opinion, when there is a colored button like the blue ""Library"" in your video, the text is very very difficult to read. 

Also, when you tap the filter button, the ""..."" that appears is barely visible at all.

IMO it would look better if it were less transparent, or had increased background blur. But right now things that overlap blend into each other too much.",2,1749518495.0,2025-06-10 01:21:35
mwzd7ix,snejk47,"Your resources are *after* the release of Vista and few years after the presentation of Vista. He is right. And the button doesn't mean whole windows, notifications and toolbars were translucent.",1,1749543781.0,2025-06-10 08:23:01
mwy9qml,staticusmaximus,I wouldn‚Äôt mind that honestly. I had a really sweet reskin on my S 22 Ultra that was based on Aqua. Had the NyQuil gel cap buttons and all lol,3,1749524400.0,2025-06-10 03:00:00
mwxqa4f,griwulf,"Because it‚Äôs irrelevant. It doesn‚Äôt matter Apple used it a billion years ago, this just heavily reminds people of Aero/Vista so they‚Äôll make fun of it using that example. You can make your own jokes using Aqua but likely no one will laugh. You‚Äôll feel like you‚Äôre the smartest person in the room though!ü§ì",2,1749517713.0,2025-06-10 01:08:33
mwwrkr6,PeakBrave8235,"Couldn‚Äôt disagree more with your disagreement.¬†

Best of luck to you though. Have a great day!",-1,1749506294.0,2025-06-09 21:58:14
mx0jzsi,fishbert,"> Your resources are after the release of Vista and few years after the presentation of Vista.

I didn't say anything about Vista.  But aqua in Mac OS was introduced in 2001, Vista was 2006.

> the button doesn't mean whole windows, notifications and toolbars were translucent.

I was replying to someone who said ""I don't recall _**any**_ translucent glass or blurring"" ... but here you go:  
[translucent window title bars [OS 10 DP3, 2000]](https://ismh.s3.amazonaws.com/macosxdp3.png)  
[translucent window title bars, menus, dock [OS 10 DP4, 2000]](https://guidebookgallery.org/pics/gui/desktop/full/macosxdp4.png)  
[translucent menus [OS 10.0.4, 2001]](https://ismh.s3.amazonaws.com/macosx100.png)  
[more translucency [Jaguar, 2002]](https://ismh.s3.amazonaws.com/2014-04-22-jaguar.png)",1,1749562890.0,2025-06-10 13:41:30
mwylrjp,Betancorea,He‚Äôs worried Apple‚Äôs feelings will get hurt,5,1749529268.0,2025-06-10 04:21:08
mwxsaw6,yaykaboom,Lol,8,1749518396.0,2025-06-10 01:19:56
mwyi9th,ParticularCow5333,lol üòÇ,1,1749527758.0,2025-06-10 03:55:58
mx0klpq,snejk47,"You cut from the context ""OS X didn't start doing that until after Windows Vista.""",1,1749563082.0,2025-06-10 13:44:42
mx0plpn,fishbert,2000 comes before 2006,0,1749564618.0,2025-06-10 14:10:18
mx0qert,snejk47,"Great. Vista looking macOS it is anyway.

  
Actually not even that.",1,1749564859.0,2025-06-10 14:14:19
